{"name":"DataQuality","description":"","parameters":{"UNIVARIATE_OUTLIER_THRESHOLD":{"indexId":0,"description":"Number of standard deviations from the median an outlier is to be considered as univariate outlier. Median absolute deviation is used.","type":"Double","defaultValue":"3"}},"inputs":{"artifacts":{"ds":{"indexId":1,"description":"dataset"},"dmm_ds":{"indexId":2,"description":"data model mapping"}}},"outputs":{"artifacts":{"ds_out":{"indexId":0,"description":"Enriched dataset with both univariate and multivariate outlier status (0 - no outlier, 1 - outlier)"},"dq_report":{"indexId":1,"description":"Dictionary containing some overall DQ metrics and dataset facts"}}},"folderId":"","id":"fcb95305-c1e5-4be6-a3a2-aa199d4660f9"}