{"name":"CreateBenchmarkModelXAI","description":"","parameters":{},"inputs":{"artifacts":{"ds":{"indexId":0,"description":"Dataset"},"dmm_ds":{"indexId":1,"description":"Data model mapping."}}},"outputs":{"artifacts":{"Trained_Preprocessor":{"indexId":0,"description":"Trained_Preprocessor"},"Trained_Logistic_Regression":{"indexId":1,"description":"Trained_Logistic_Regression"},"Data_Enriched_with_prediction":{"indexId":3,"description":"Dataset enriched with ML model prediction for each observation. Can be used downstream in XAI instance"},"Pipeline_Trained_Logistic_Regression":{"indexId":2,"description":"Preprocessor and model combined into single pipeline"}}},"folderId":"07f06697-fda9-4bc9-a031-d4d1f26232a0","id":"d3009caa-f0d2-4316-adea-46bd761f0c12"}