{"name":"XAI_techniques_Binary_sklearn_models","description":"","parameters":{"metric to assess feature importance":{"indexId":0,"description":"A metric used to assess the model performance deterioration under random shuffling of feature values over observation. Value should be one of the following: https://scikit-learn.org/stable/modules/model_evaluation.html#scoring-parameter","type":"String","defaultValue":"roc_auc"},"name of the model itself in the model pipeline":{"indexId":1,"description":"The name of the model (the classifier) object in the sklearn pipeline. This is needed to use the SHAP library when using sklearn pipeline models.","type":"String","defaultValue":"classifier"},"name of preprocessor object in the model pipeline":{"indexId":2,"description":"The name of the preprocessor object in the sklearn pipeline object that contains the trained model. This is needed to use the SHAP library when using sklearn pipeline models.","type":"String","defaultValue":"preprocessor"}},"inputs":{"artifacts":{"ds":{"indexId":3,"description":"dataset"},"dmm_ds":{"indexId":5,"description":"Data model mapping"},"preprocessor":{"indexId":4,"description":"Fitted preprocessor"},"trained_model":{"indexId":6,"description":"The artifact containing the trained model for which the explainability should be investigated."}}},"outputs":{"artifacts":{}},"folderId":"07f06697-fda9-4bc9-a031-d4d1f26232a0","id":"453c1168-452c-44f4-9364-9493e1ac97dc"}